Show Number,Air Date,Round,Category,Value,Question,Answer
3036,11/10/1997,Jeopardy!,CELEB STUFF,"$1,500 ","(<a href=""http://www.j-archive.com/media/1997-11-10_J_17.jpg"" target=""_blank"">Hi, I'm Bob Eubanks.</a>)  Tea Leoni ran into this ""X-Files"" star at the Golden Globes & soon they were newlyweds",David Duchovny
3036,11/10/1997,Jeopardy!,COMMON BONDS,$200 ,"Inner tubes, doughnuts, the ozone layer",things with holes
3036,11/10/1997,Jeopardy!,AT THE KENNEDY CENTER,$300 ,This president's 1972 visit to China inspired an opera that played at the Kennedy Center in 1988,Richard Nixon
3036,11/10/1997,Jeopardy!,NATIONAL MONUMENTS,$300 ,Seminole Indian leader Osceola is buried at this fort where the Civil War began,Fort Sumter
3036,11/10/1997,Jeopardy!,THE CIRCUS,$300 ,Pink is the most popular color of this fluffy confection made from spun sugar,cotton candy
3036,11/10/1997,Jeopardy!,ON THE RADIO,$300 ,"Call letters east of the Mississippi generally start with W; in the west, most start with this",K
3036,11/10/1997,Jeopardy!,CELEB STUFF,$300 ,"People Magazine called his 1997 solo album ""Destination Anywhere"", ""Tres Bon""",Jon Bon Jovi
3036,11/10/1997,Jeopardy!,COMMON BONDS,$300 ,"Peeling onions, watching Mel Gibson's film ""Forever Young"", missing Final Jeopardy!",things that make you cry
3036,11/10/1997,Jeopardy!,AT THE KENNEDY CENTER,$400 ,"Every December, the Kennedy Center invites the public to a free sing-along of this composer's ""Messiah""",G.F. Handel
3036,11/10/1997,Jeopardy!,NATIONAL MONUMENTS,$400 ,This Wyoming monument contains an 865-foot-high fluted column of igneous rock,Devils Tower
3036,11/10/1997,Jeopardy!,THE CIRCUS,$400 ,"Antoinette Concello's triple somersault helped make her the ""Queen of"" this ""flying"" apparatus",trapeze
3036,11/10/1997,Jeopardy!,ON THE RADIO,$400 ,"Detroit-born broadcaster who created ""American Top 40"" & now has his own weekly ""Countdown""",Casey Kasem
3036,11/10/1997,Jeopardy!,CELEB STUFF,$400 ,"In a 1997 issue of ""George"", he said his cousins Michael & Joseph were ""poster boys for bad behavior""","John F. Kennedy, Jr."
3036,11/10/1997,Jeopardy!,COMMON BONDS,$400 ,"Bobby, bowling,  rolling",pins
3036,11/10/1997,Jeopardy!,AT THE KENNEDY CENTER,$500 ,A 1994 festival honoring this country featured the Tjapukai Aboriginal Dance Company,Australia
3036,11/10/1997,Jeopardy!,NATIONAL MONUMENTS,$500 ,Castillo de San Marcos in this Florida city is the oldest masonry fort in the continental U.S.,St. Augustine
3036,11/10/1997,Jeopardy!,THE CIRCUS,$500 ,This steam whistle organ draws crowds to circus parades because it can be heard from miles away: [audio clue],calliope
3036,11/10/1997,Jeopardy!,ON THE RADIO,$500 ,"The AAA format, featuring artists like the Cranberries & Tom Petty, stands for adult album this",alternative
3036,11/10/1997,Jeopardy!,CELEB STUFF,$500 ,"Her 1988 major label debut album was ""Y Kant Tori Read""",Tori Amos
3036,11/10/1997,Jeopardy!,COMMON BONDS,$500 ,"Hollywood, salad, Super",bowls
3036,11/10/1997,Double Jeopardy!,THE OBLIGATORY POETRY CATEGORY,$200 ,The one word quothed by Edgar Allan Poe's raven,"""Nevermore!"""
3036,11/10/1997,Double Jeopardy!,ART,$200 ,You can't make a genuine tempera painting without breaking these,eggs
3036,11/10/1997,Double Jeopardy!,THE REDCOATS ARE COMING!,$200 ,"On Sept. 5, 1781, 24 of this country's ships engaged British ships in Cheaspeake Bay & turned them back",France
3036,11/10/1997,Double Jeopardy!,"""HIGH"" SCHOOL",$200 ,"Chuck Taylor, from whom Converse named a line of these shoes, was a basketball star of the 1910s",high-tops
3036,11/10/1997,Double Jeopardy!,OFF TO A GOOD START,$200 ,It's the go-ahead in a kid's game & for a car at an intersection,a green light
3036,11/10/1997,Double Jeopardy!,COLLEGE MASCOTS,$200 ,"<a href=""http://www.j-archive.com/media/1997-11-10_DJ_20.jpg"" target=""_blank"">[video clue]</a>",Oregon State University
3036,11/10/1997,Double Jeopardy!,THE OBLIGATORY POETRY CATEGORY,$400 ,"It follows ""Poems are made by fools like me...""","""But only God can make a tree"""
3036,11/10/1997,Double Jeopardy!,ART,$400 ,"Surrealists used odd juxtapositions in this form whose name is French for ""gluing""",collage
3036,11/10/1997,Double Jeopardy!,THE REDCOATS ARE COMING!,$400 ,"During the war, this first signer of the Declaration of Independence commanded the Mass. Militia",John Hancock
3036,11/10/1997,Double Jeopardy!,"""HIGH"" SCHOOL",$400 ,The L.A. Dodgers & the U. of Louisville basketball team pioneered this gesture in the late '70s,the high five
3036,11/10/1997,Double Jeopardy!,OFF TO A GOOD START,$400 ,"A baker who never uses packaged mixes always ""starts from"" here",scratch
3036,11/10/1997,Double Jeopardy!,COLLEGE MASCOTS,$400 ,"<a href=""http://www.j-archive.com/media/1997-11-10_DJ_27.jpg"" target=""_blank"">[video clue]</a>",the University of Florida
3036,11/10/1997,Double Jeopardy!,THE OBLIGATORY POETRY CATEGORY,$600 ,"In preparing to write this poem, Longfellow used ""An historical and statistical account of Nova Scotia""",Evangeline
3036,11/10/1997,Double Jeopardy!,ART,$600 ,"Edward Steichen led the movement to recognize as art these images, whose name means ""drawn with light""",photographs
3036,11/10/1997,Double Jeopardy!,THE REDCOATS ARE COMING!,$600 ,"In it, Thomas Paine wrote, ""The cause of America is in a great measure the cause of all mankind""",Common Sense
3036,11/10/1997,Double Jeopardy!,"""HIGH"" SCHOOL","$2,000 ","Coastal waters beyond national jurisdiction, or the tops of some sopranos' ranges",High seas/C's
3036,11/10/1997,Double Jeopardy!,OFF TO A GOOD START,$600 ,"It's a ship at home in the Arctic, or a remark that starts a conversation",an icebreaker
3036,11/10/1997,Double Jeopardy!,COLLEGE MASCOTS,$600 ,"<a href=""http://www.j-archive.com/media/1997-11-10_DJ_28.jpg"" target=""_blank"">[video clue]</a>",the University of Texas
3036,11/10/1997,Double Jeopardy!,THE OBLIGATORY POETRY CATEGORY,$800 ,"In a poem titled for the date when Germany invaded Poland, W.H. Auden called this ""A low dishonest decade""",1930s
3036,11/10/1997,Double Jeopardy!,ART,"$1,800 ","17th century Flemish master known for painting women like the one seen <a href=""http://www.j-archive.com/media/1997-11-10_DJ_13.jpg"" target=""_blank"">here</a>:",Peter Paul Rubens
3036,11/10/1997,Double Jeopardy!,THE REDCOATS ARE COMING!,$800 ,The Battle of Long Island was fought in what is now this New York City borough,Brooklyn
3036,11/10/1997,Double Jeopardy!,"""HIGH"" SCHOOL",$800 ,The HD in the new digital format HDTV stands for this,high definition
3036,11/10/1997,Double Jeopardy!,OFF TO A GOOD START,$800 ,It begins a football game or a special event like a political campaign,the kickoff
3036,11/10/1997,Double Jeopardy!,THE OBLIGATORY POETRY CATEGORY,"$1,000 ",Observing pilgrims traveling to the shrine of Thomas Becket inspired him to write his greatest work,Geoffrey Chaucer (The Canterbury Tales)
3036,11/10/1997,Double Jeopardy!,ART,"$1,000 ","In 1920 this impressionist, known for his water lilies, painted another plant, ""Wisteria""",Claude Monet
3036,11/10/1997,Double Jeopardy!,THE REDCOATS ARE COMING!,"$1,000 ","The British ferried 2,200 troops across this river to battle the Americans at Bunker Hill",the Charles River
3036,11/10/1997,Double Jeopardy!,"""HIGH"" SCHOOL","$1,000 ","Acolytes, a subdeacon & a choir take part in this Catholic service",high mass
3036,11/10/1997,Double Jeopardy!,OFF TO A GOOD START,"$1,000 ","In a business project, it's the level investors try to ""get in on""",the ground floor (or the ground level)
3036,11/10/1997,Final Jeopardy!,THE CONSTITUTION,None,"Word completing the line ""Nor shall any person be subject for the same offense to be twice put in"" this",Jeopardy
4107,6/11/2002,Jeopardy!,THRILLER,$200 ,"This author's techno-thriller ""Rainbow Six"" focuses on John Clark, also a hero in ""Clear & Present Danger""",Tom Clancy
4107,6/11/2002,Jeopardy!,BEN,$200 ,Ben Franklin went to London in 1757 to represent this colony's assembly,Pennsylvania
4107,6/11/2002,Jeopardy!,"""BLACK"" OR ""WHITE""",$200 ,Name shared by a Sauk chief famous for his war & a U.S. military helicopter,Black Hawk
4107,6/11/2002,Jeopardy!,REMEMBER THE TIME,$200 ,"In 1958 this country launched its second 5-year plan, called ""The Great Leap Forward""",China
4107,6/11/2002,Jeopardy!,ROCK WITH YOU,$200 ,"This Jackson 5 (& later Mariah Carey) hit begins, ""You & I must make a pact, we must bring salvation back...""","""I'll Be There"""
4107,6/11/2002,Jeopardy!,EAT IT!,$200 ,"This Hormel product was once simply known as ""spiced ham""",Spam
4107,6/11/2002,Jeopardy!,THRILLER,$400 ,"This author made a University of Virginia law professor the protagonist of his 2002 novel ""The Summons""",(John) Grisham
4107,6/11/2002,Jeopardy!,BEN,$400 ,"This publication that Ben first put out in 1732 often sold 10,000 copies a year",Poor Richard's Almanack
4107,6/11/2002,Jeopardy!,"""BLACK"" OR ""WHITE""",$400 ,"This ""Golden Girl"" had her own show in 1958 & 1977 & in 1999 became part of the cast of ""Ladies Man""",Betty White
4107,6/11/2002,Jeopardy!,REMEMBER THE TIME,$400 ,In 960 Mieczyslaw I became the first ruler of this country,Poland
4107,6/11/2002,Jeopardy!,ROCK WITH YOU,$400 ,"Jakob Dylan, the son of Bob Dylan, is the frontman for this group",The Wallflowers
4107,6/11/2002,Jeopardy!,EAT IT!,$400 ,"It's the Spanish-named appetizer of tortilla chips & often beans, beef & onions topped with melted cheese",nachos
4107,6/11/2002,Jeopardy!,THRILLER,$600 ,"You were born to identify this author of ""The Bourne Identity""",(Robert) Ludlum
4107,6/11/2002,Jeopardy!,BEN,$600 ,In 1783 Franklin asked Congress to recall him from this country; he finally made it home in 1785,France
4107,6/11/2002,Jeopardy!,"""BLACK"" OR ""WHITE""",$600 ,"People have asked why the whole airplane isn't made out of the same material as this ""indestructible"" device",the black box
4107,6/11/2002,Jeopardy!,REMEMBER THE TIME,$600 ,"In 1526 he greeted an Inca nobleman on his ship, but conquest would have to wait a few years until funds were raised",Pizarro
4107,6/11/2002,Jeopardy!,ROCK WITH YOU,$600 ,"Eric Clapton charted 3 times with this song: in 1971, 1972 & 1992","""Layla"""
4107,6/11/2002,Jeopardy!,EAT IT!,$600 ,"Paper-thin & often served for dessert, it's the French equivalent of a pancake",crÃªpes
4107,6/11/2002,Jeopardy!,THRILLER,$800 ,"""The Numa Files"" are paperback spin-offs of this writer's novels featuring Dirk Pitt",Clive Cussler
4107,6/11/2002,Jeopardy!,BEN,$800 ,"Current events of 1751 included the appearance of Ben's scientific work ""Experiments and Observations on"" this","""Electricity"""
4107,6/11/2002,Jeopardy!,"""BLACK"" OR ""WHITE""",$800 ,"John Archibald Wheeler coined this term in the '60s for a collapsed star so dense, no light can escape it",black hole
4107,6/11/2002,Jeopardy!,REMEMBER THE TIME,$800 ,In 1998 U.S. cruise missiles hit this African country in response to bombings of U.S. embassies,Sudan
4107,6/11/2002,Jeopardy!,ROCK WITH YOU,$800 ,"She's the single-named Colombian pop star heard <a href=""http://www.j-archive.com/media/2002-06-11_J_06.mp3"">here</a>",Shakira
4107,6/11/2002,Jeopardy!,EAT IT!,$800 ,"(<a href=""http://www.j-archive.com/media/2002-06-11_J_11.wmv"">Jimmy of the Clue Crew gets ready to eat skewered meat.</a>)  This Asian favorite, sometimes chicken, sometimes beef, is usually served with a spicy peanut sauce",satay
4107,6/11/2002,Jeopardy!,THRILLER,"$1,000 ","""The Attorney"" Paul Madriani appears in several legal thrillers by this lawyer-turned-author",Steve Martini
4107,6/11/2002,Jeopardy!,BEN,"$1,600 ",The Hutchinson Letters scandal got Ben fired as deputy this in 1774,postmaster general
4107,6/11/2002,Jeopardy!,"""BLACK"" OR ""WHITE""","$1,000 ",Famous landmark composed of chalk in the county of Kent in England,the White Cliffs of Dover
4107,6/11/2002,Jeopardy!,REMEMBER THE TIME,"$1,000 ",This 1904-1905 war began in Manchuria & ended with the battle of Tsushima Strait,Russo-Japanese War
4107,6/11/2002,Jeopardy!,ROCK WITH YOU,"$1,000 ","Quit your yellin' & name this 1995 hit duet for Michael & Janet Jackson, their first together","""Scream"""
4107,6/11/2002,Jeopardy!,EAT IT!,"$1,000 ","Traditionally, shepherd's pie contains this meat, ground or diced",lamb
4107,6/11/2002,Double Jeopardy!,SCOTLAND,$400 ,"About 80,000 Scots still speak the Scottish version of this ancient Celtic language",Gaelic
4107,6/11/2002,Double Jeopardy!,BABY BOOMER MEMORIES,$400 ,In 1960 this Democrat spoke first in the first televised U.S. presidential election debate,John F. Kennedy
4107,6/11/2002,Double Jeopardy!,SOMETHING'S FISHY,$400 ,"So as not to confuse it with the mammal, this fish is commonly referred to as mahi-mahi",a dolphinfish
4107,6/11/2002,Double Jeopardy!,"""T""ELEVISION",$400 ,"Running for 5 years, it starred William Shatner as a hard-nosed veteran police officer",T.J. Hooker
4107,6/11/2002,Double Jeopardy!,WORLD RELIGION,$400 ,"In the presence of the Adi Granth, the sacred book of the Sikhs, you cover your head & remove these",your shoes
4107,6/11/2002,Double Jeopardy!,SORTA SOUNDS LIKE OPRAH?,$400 ,"Bizet's ""Carmen"", for example",an opera
4107,6/11/2002,Double Jeopardy!,SCOTLAND,$800 ,"Ben More, Ben Alder & Ben Macdui are not people but tall ones of these in Scotland",mountains
4107,6/11/2002,Double Jeopardy!,BABY BOOMER MEMORIES,$800 ,"Likely containing a sandwich, the first of these depicting a TV character came along in 1950 with Hopalong Cassidy",a lunchbox
4107,6/11/2002,Double Jeopardy!,SOMETHING'S FISHY,$800 ,The black type of this fish with a woman's name is a striking addition to any aquarium,a molly
4107,6/11/2002,Double Jeopardy!,"""T""ELEVISION",$800 ,"Reminiscent of ""Highway to Heaven"", this popular series stars Roma Downey & Della Reese",Touched by an Angel
4107,6/11/2002,Double Jeopardy!,WORLD RELIGION,$800 ,"Sukkot, a Jewish festival, began as a harvest celebration & was a model for this centuries-old American holiday",Thanksgiving
4107,6/11/2002,Double Jeopardy!,SORTA SOUNDS LIKE OPRAH?,$800 ,"Phrase that precedes ""dope"" in Ali's famed boxing strategy","""rope-a"""
4107,6/11/2002,Double Jeopardy!,SCOTLAND,"$1,200 ","Defeated at Dunsinane by Malcolm in 1054, he wasn't dethroned until killed by Malcolm in 1057",Macbeth
4107,6/11/2002,Double Jeopardy!,BABY BOOMER MEMORIES,"$1,200 ","The John Birch Society coined the term comsymp, short for this",Communist sympathizer
4107,6/11/2002,Double Jeopardy!,SOMETHING'S FISHY,"$3,000 ","Less than half an inch long, this tiniest fish is found in the Indian Ocean, not in an Asian desert",a goby
4107,6/11/2002,Double Jeopardy!,"""T""ELEVISION","$1,200 ",This offbeat series on E! provides a daily recap of funny chat show highlights,Talk Soup
4107,6/11/2002,Double Jeopardy!,WORLD RELIGION,"$1,200 ","As they were partial to using hymns, these brothers, Charles & John, were the first rhythm Methodists",the Wesleys
4107,6/11/2002,Double Jeopardy!,SORTA SOUNDS LIKE OPRAH?,"$1,200 ","In an Irish battle cry, these 2 words follow ""Erin""","""Go Bragh"""
4107,6/11/2002,Double Jeopardy!,SCOTLAND,"$1,600 ","The Church of Scotland, the country's national church, is a branch of this Christian denomination",Presbyterian
4107,6/11/2002,Double Jeopardy!,BABY BOOMER MEMORIES,"$1,600 ","In a heartbreaking scene, Travis has to kill his beloved dog in this 1957 film based on a Fred Gipson book",Old Yeller
4107,6/11/2002,Double Jeopardy!,SOMETHING'S FISHY,"$1,600 ","Until one was caught in 1938, it was thought that this fish had been extinct for more than 70 million years",the coelacanth
4107,6/11/2002,Double Jeopardy!,"""T""ELEVISION","$1,600 ","He's the large & goofy title TV superhero seen <a href=""http://www.j-archive.com/media/2002-06-11_DJ_04.wmv"">here</a>   <i>""Probably that one. The balcony...""</i>",The Tick
4107,6/11/2002,Double Jeopardy!,WORLD RELIGION,"$1,600 ","Meaning ""sign of God"", it's the title of a Shi'ite Muslim scholar & leader",Ayatollah
4107,6/11/2002,Double Jeopardy!,SORTA SOUNDS LIKE OPRAH?,"$1,600 ","(<a href=""http://www.j-archive.com/media/2002-06-11_DJ_19.jpg"" target=""_blank"">Jeff Probst reports from the Marquesas.</a>)  One of Nuku Hiva's main exports is this--dried coconut meat",copra
4107,6/11/2002,Double Jeopardy!,SCOTLAND,"$2,000 ","Hundreds of years old, the de facto national flag features this saint's cross",Andrew
4107,6/11/2002,Double Jeopardy!,BABY BOOMER MEMORIES,"$2,000 ",In 1967 this 21-year-old started Rolling Stone magazine,Jann Wenner
4107,6/11/2002,Double Jeopardy!,SOMETHING'S FISHY,"$2,000 ","It springs to mind that there's a Florida city named for this game fish seen <a href=""http://www.j-archive.com/media/2002-06-11_DJ_10.jpg"" target=""_blank"">here</a>",tarpon
4107,6/11/2002,Double Jeopardy!,"""T""ELEVISION","$2,000 ","Co-hosted by John Davidson, it was ABC's response to NBC's ""Real People""",That's Incredible!
4107,6/11/2002,Double Jeopardy!,WORLD RELIGION,"$2,000 ","Made up of 1,028 hymns in 10 books, it's the oldest of the Vedas in Hinduism",Rigveda
4107,6/11/2002,Double Jeopardy!,SORTA SOUNDS LIKE OPRAH?,"$2,000 ","In 2001 this author of ""The Seven Spiritual Laws of Success"" published ""The  Deeper Wound""",(Deepak) Chopra
4107,6/11/2002,Final Jeopardy!,GEOGRAPHIC PHRASES,None,"This common term originated in the early 1500s with the book ""De Rebus Oceanicis et Novo Orbe""",the New World
2735,6/21/1996,Jeopardy!,ACTRESSES' FIRST FILMS,$100 ,"""Body Heat""",Kathleen Turner
2735,6/21/1996,Jeopardy!,LIBRARIES,$100 ,Marsh's Library in this country was founded c. 1702 by the Archbishop of Dublin,Ireland
2735,6/21/1996,Jeopardy!,TELEPHONE HISTORY,$100 ,In 1991 this telephone company launched its Friends & Family promotion,MCI
2735,6/21/1996,Jeopardy!,VERMONTERS,$100 ,This leader of the Green Mountain Boys did not live to see Vermont become a state,Ethan Allen
2735,6/21/1996,Jeopardy!,"""X"", ""Y"", ""Z""",$100 ,"It looks like a sweet potato, but it isn't even a distant relative",a yam
2735,6/21/1996,Jeopardy!,SHAKESPEAREAN LAST SCENES,$100 ,"You could say this comedy ""ends well"" -- Helena finally wins the love of her husband Bertram",All's Well That Ends Well
2735,6/21/1996,Jeopardy!,ACTRESSES' FIRST FILMS,$200 ,"""To Have and Have Not""",(Lauren) Bacall
2735,6/21/1996,Jeopardy!,LIBRARIES,$200 ,"Architect Gordon Bunshaft designed this presidential library in Austin, Texas",the LBJ library
2735,6/21/1996,Jeopardy!,TELEPHONE HISTORY,$200 ,"As of July 1, 1968 you could dial this 3-digit number in New York City & get the police",911
2735,6/21/1996,Jeopardy!,VERMONTERS,$200 ,"This founding prophet of Mormonism was born in Sharon, Vermont in 1805",Joseph Smith
2735,6/21/1996,Jeopardy!,"""X"", ""Y"", ""Z""",$200 ,It's a kind of striped mussel as well as a striped equine,a zebra
2735,6/21/1996,Jeopardy!,SHAKESPEAREAN LAST SCENES,$200 ,"Though this comedy has Verona in its title, it ends in a forest on the frontiers of Mantua",The Two Gentlemen of Verona
2735,6/21/1996,Jeopardy!,ACTRESSES' FIRST FILMS,$300 ,"""The Outlaw""",Jane Russell
2735,6/21/1996,Jeopardy!,LIBRARIES,$300 ,"Sterling Memorial Library in New Haven, Connecticut houses the archives of this university",Yale
2735,6/21/1996,Jeopardy!,TELEPHONE HISTORY,$300 ,"On Oct. 30, 1938 phone traffic peaked in cities all over America as people discussed this broadcast","the ""War of the Worlds"""
2735,6/21/1996,Jeopardy!,VERMONTERS,$300 ,"This plow inventor was a Vermont blacksmith before moving to Grand Detour, Illinois",John Deere
2735,6/21/1996,Jeopardy!,"""X"", ""Y"", ""Z""",$300 ,"Despite its bulk, this wild ox found in Tibet is an excellent swimmer",a yak
2735,6/21/1996,Jeopardy!,SHAKESPEAREAN LAST SCENES,$300 ,"Near the end of ""Henry VIII"", this princess is described as ""a most unspotted lily"", who will die a virgin",Elizabeth I
2735,6/21/1996,Jeopardy!,ACTRESSES' FIRST FILMS,$400 ,"""Oklahoma!""",Shirley Jones
2735,6/21/1996,Jeopardy!,LIBRARIES,"$1,500 ","Salinas, California, has a public library named for this novelist",Steinbeck
2735,6/21/1996,Jeopardy!,TELEPHONE HISTORY,$400 ,In 1980 Dial-It National Sports became the first service on this new area code,1-900
2735,6/21/1996,Jeopardy!,VERMONTERS,$400 ,George Franklin Edmunds wrote most of this antitrust act of 1890,the Sherman (Antitrust Act)
2735,6/21/1996,Jeopardy!,"""X"", ""Y"", ""Z""",$400 ,"Some of these are produced by bremsstrahlung, from the German for ""breaking radiation""",x-rays
2735,6/21/1996,Jeopardy!,SHAKESPEAREAN LAST SCENES,$400 ,"Puck's last speech in this play begins, ""If we shadows have offended, think but this--and all is mended""",A Midsummer Night's Dream
2735,6/21/1996,Jeopardy!,ACTRESSES' FIRST FILMS,$500 ,"""Halloween""",Jamie Lee Curtis
2735,6/21/1996,Jeopardy!,LIBRARIES,$500 ,In 1602 this university's library reopened after restoration work by Sir Thomas Bodley,Oxford University
2735,6/21/1996,Jeopardy!,TELEPHONE HISTORY,$500 ,"In 1880 he invented the photophone, a device that sent messages through the air on beams of light",Alexander Graham Bell
2735,6/21/1996,Jeopardy!,VERMONTERS,$500 ,At age 15 this future New York Tribune editor was apprenticed to a printer in East Poultney,Horace Greeley
2735,6/21/1996,Jeopardy!,"""X"", ""Y"", ""Z""",$500 ,"This Saint Francis was the ""Apostle of the Indies""",Xavier
2735,6/21/1996,Jeopardy!,SHAKESPEAREAN LAST SCENES,$500 ,"In the last scene of this comedy, Petruchio wins a bet that he has the most obedient wife",The Taming of the Shrew
2735,6/21/1996,Double Jeopardy!,MEDICAL MILESTONES,$200 ,"In 1751, with Benjamin Franklin's help, the 1st hospital in the U.S. was founded in this city",Philadelphia
2735,6/21/1996,Double Jeopardy!,POETS & POETRY,$200 ,"Of the 31 pilgrims in this Chaucer work, only 23 tell their stories",The Canterbury Tales
2735,6/21/1996,Double Jeopardy!,WORLD GEOGRAPHY,$200 ,Large aboriginal populations live in this country's states of Queensland & New South Wales,Australia
2735,6/21/1996,Double Jeopardy!,MIXED DRINKS,$200 ,The juice of one of these citrus fruits makes a Whiskey Sour sour,a lemon
2735,6/21/1996,Double Jeopardy!,THE 1930s,$200 ,"In 1936, in defiance of the Treaty of Versailles, this country began remilitarizing the Rhineland",Germany
2735,6/21/1996,Double Jeopardy!,POP MUSIC,$200 ,"He recorded ""Gone At Last"" with Phoebe Snow, not Art Garfunkel",Paul Simon
2735,6/21/1996,Double Jeopardy!,MEDICAL MILESTONES,$400 ,In 1867 Thomas Allbutt invented one of these instruments which took 5 minutes to register instead of 20,a thermometer
2735,6/21/1996,Double Jeopardy!,POETS & POETRY,$400 ,"This Longfellow poem was suggested by a smithy under a chestnut tree in Cambridge, Massachusetts","""The Village Blacksmith"""
2735,6/21/1996,Double Jeopardy!,WORLD GEOGRAPHY,$400 ,"Administrative units in this country include Giza, Aswan & Suez",Egypt
2735,6/21/1996,Double Jeopardy!,MIXED DRINKS,$400 ,This pomegranate syrup turns a Pink Lady pink,grenadine
2735,6/21/1996,Double Jeopardy!,THE 1930s,$400 ,This longtime anchor of the CBS Evening News became a UPI correspondent in 1939,Walter Cronkite
2735,6/21/1996,Double Jeopardy!,POP MUSIC,$400 ,"She sang ""Better Be Good To Me"" in 1984, a few years after she broke up with Ike",Tina Turner
2735,6/21/1996,Double Jeopardy!,MEDICAL MILESTONES,$600 ,Dutch physician Willem Kolff developed the 1st of these kidney machines that cleanse the blood,a dialysis machine
2735,6/21/1996,Double Jeopardy!,POETS & POETRY,$600 ,"Oliver Wendell Holmes wrote of this ship, ""Oh better that her shattered hulk should sink beneath the wave""","""Old Ironsides"""
2735,6/21/1996,Double Jeopardy!,WORLD GEOGRAPHY,$600 ,This longest river on the Iberian Peninsula is also known as the Tajo,the Tagus
2735,6/21/1996,Double Jeopardy!,MIXED DRINKS,$600 ,A teaspoon of creme de cassis is added to this to make a Kir,white wine
2735,6/21/1996,Double Jeopardy!,THE 1930s,$600 ,Helen Keller brought the first of these Japanese dogs to the United States in 1937,the akita
2735,6/21/1996,Double Jeopardy!,POP MUSIC,$600 ,"In ""Take Me Home, Country Roads"", John Denver sang, ""Almost heaven,"" this state",West Virginia
2735,6/21/1996,Double Jeopardy!,MEDICAL MILESTONES,$800 ,In 1906 August von Wassermann developed a well-known test for this sexually transmitted disease,syphilis
2735,6/21/1996,Double Jeopardy!,POETS & POETRY,$800 ,"His ""When the Frost is on the Punkin"" was written for a series in the Indianapolis Journal",(James Whitcomb) Riley
2735,6/21/1996,Double Jeopardy!,WORLD GEOGRAPHY,"$1,500 ","Cabinda, an area of this former Portuguese colony, is separated from the rest of it by Zaire",Angola
2735,6/21/1996,Double Jeopardy!,MIXED DRINKS,$800 ,"A basic Gin Rickey is gin, lime & this non-potent potable",soda water
2735,6/21/1996,Double Jeopardy!,THE 1930s,$800 ,He was appointed conductor of the Boston Pops in 1930,Arthur Fiedler
2735,6/21/1996,Double Jeopardy!,POP MUSIC,$800 ,"Alan, Merrill & Wayne, 3 of these Utah brothers, co-wrote their own 1972 hit ""Crazy Horses""",the Osmonds
2735,6/21/1996,Double Jeopardy!,MEDICAL MILESTONES,"$2,000 ",In 1982 William DeVries performed the 1st permanent artificial heart transplant on this man,Barney Clark
2735,6/21/1996,Double Jeopardy!,POETS & POETRY,"$1,000 ","He was descended from an Abyssinian prince, Peter the Great's godson",(Aleksandr) Pushkin
2735,6/21/1996,Double Jeopardy!,WORLD GEOGRAPHY,"$1,000 ",The Indus River provides the western border of this desert also known as the Great Indian Desert,the Thar Desert
2735,6/21/1996,Double Jeopardy!,MIXED DRINKS,"$1,000 ",Using Scotch whisky turns a Manhattan into this drink,a Rob Roy
2735,6/21/1996,Double Jeopardy!,THE 1930s,"$1,000 ","This author of ""Anne of Green Gables"" was awarded the Order of the British Empire in 1935",(Lucy Maud) Montgomery
2735,6/21/1996,Double Jeopardy!,POP MUSIC,"$1,000 ","This singer's 1970 hit ""I'll Never Fall In Love Again"" was from the Broadway musical ""Promises, Promises""",Dionne Warwick
2735,6/21/1996,Final Jeopardy!,AMERICAN HISTORY,None,"On May 29, 1765 Patrick Henry's Stamp Act protest was interrupted with this one word",Treason!
5851,2/8/2010,Jeopardy!,"CANADIAN GEOGRAPHY, EH?",$200 ,A narrow passage separates Canada's Ellesmere Island from this large Danish island,Greenland
5851,2/8/2010,Jeopardy!,ON HIS BASEBALL HALL OF FAME PLAQUE,$200 ,"This Yankee was the ""greatest drawing card in history of baseball""",Babe Ruth
5851,2/8/2010,Jeopardy!,STAMPS,$200 ,"Woo hoo! In 2009 this animated family was chosen to grace stamps, though postage did go up to 44 cents (D'oh!)",the Simpsons
5851,2/8/2010,Jeopardy!,THE KILLERS,$200 ,In Genesis 4 he becomes the first killer; God isn't happy,Cain
5851,2/8/2010,Jeopardy!,SPOTT THA MISPELED WURD,$200 ,Meet me in the library for a liaison at your liesure,leisure
5851,2/8/2010,Jeopardy!,THE BIG 10,$200 ,The first 10 of these are known as the Bill of Rights,the Amendments
5851,2/8/2010,Jeopardy!,"CANADIAN GEOGRAPHY, EH?",$400 ,"Mount Logan, Canada's highest peak, is found in this territory",the Yukon Territory
5851,2/8/2010,Jeopardy!,ON HIS BASEBALL HALL OF FAME PLAQUE,$400 ,"""Detroit - Philadelphia, A.L. - 1905-1926... retired with 4191 major league hits""",(Ty) Cobb
5851,2/8/2010,Jeopardy!,STAMPS,$400 ,This astronomer for whom a space telescope is named is honored in the American Scientists series,(Edwin) Hubble
5851,2/8/2010,Jeopardy!,THE KILLERS,$400 ,"In one of the few documented one-on-one Old West gunfights, this ""Wild"" man killed Davis Tutt in 1865",Wild Bill Hickok
5851,2/8/2010,Jeopardy!,SPOTT THA MISPELED WURD,$400 ,"The occasional misspelling is noticable on a telecast like ""Jeopardy!""",noticeable
5851,2/8/2010,Jeopardy!,THE BIG 10,$400 ,In Israel Tevet is the tenth of these,month
5851,2/8/2010,Jeopardy!,"CANADIAN GEOGRAPHY, EH?",$600 ,"Of the top 5 Canadian cities in population, it's the one closest to the Pacific Ocean",Vancouver
5851,2/8/2010,Jeopardy!,ON HIS BASEBALL HALL OF FAME PLAQUE,$600 ,"""'Mr. Octobe",(Reggie) Jackson
5851,2/8/2010,Jeopardy!,STAMPS,$600 ,"A stamp honors this 19th c. author about whom it was said, ""So this is the little lady who made this big war""",Harriet Beecher Stowe
5851,2/8/2010,Jeopardy!,THE KILLERS,$600 ,Bodyguards Satwant & Beant Singh killed this female leader of India in 1984,Indira Gandhi
5851,2/8/2010,Jeopardy!,SPOTT THA MISPELED WURD,$600 ,"If you supersede the competition, you will excede all expectations",exceed
5851,2/8/2010,Jeopardy!,THE BIG 10,$600 ,"In L.A., the western tip of Interstate 10 is called this ""freeway"", after the beach community it passes through",Santa Monica
5851,2/8/2010,Jeopardy!,"CANADIAN GEOGRAPHY, EH?",$800 ,"Appropriately, New Glasgow is in this Canadian province",Nova Scotia
5851,2/8/2010,Jeopardy!,ON HIS BASEBALL HALL OF FAME PLAQUE,$800 ,"This 2009 inductee was ""faster than a speeding bullet""",Rickey Henderson
5851,2/8/2010,Jeopardy!,STAMPS,$800 ,"An international rate stamp has a photo of <a href=""http://www.j-archive.com/media/2010-02-08_J_28a.jpg"" target=""_blank"">this</a> nearly 700-sq mile swamp in Georgia and Florida",the Okefenokee
5851,2/8/2010,Jeopardy!,THE KILLERS,$800 ,"This ""insect"" of a gangster was a real-life hit man for Murder Incorporated in the 1930s & '40s",Bugsy Siegel
5851,2/8/2010,Jeopardy!,SPOTT THA MISPELED WURD,$800 ,We want you to be committed to catagorizing your collectibles cohesively,categorizing
5851,2/8/2010,Jeopardy!,THE BIG 10,$800 ,"The title of this Boccaccio work means ""10 Days""",Decameron
5851,2/8/2010,Jeopardy!,"CANADIAN GEOGRAPHY, EH?","$1,000 ","This province has the longest border, including water, with the United States",Ontario
5851,2/8/2010,Jeopardy!,ON HIS BASEBALL HALL OF FAME PLAQUE,"$1,000 ","""Boston Red Sox A.L. 1939-1960... batted .406 in 1941""",Ted Williams
5851,2/8/2010,Jeopardy!,STAMPS,"$1,800 ",The Distinguished Marines series honors the man for whom a North Carolina Marine Corps base was named,Lt. Gen. John Lejeune
5851,2/8/2010,Jeopardy!,THE KILLERS,"$1,000 ","Pausanius, a young Macedonian noble, killed this man, Alexander's dad, in 336 B.C.",Philip
5851,2/8/2010,Jeopardy!,SPOTT THA MISPELED WURD,"$1,000 ",The accomodations at the monastery were rudimentary at best,accommodations
5851,2/8/2010,Jeopardy!,THE BIG 10,"$1,000 ","(<a href=""http://www.j-archive.com/media/2010-02-08_J_20.jpg"" target=""_blank"">Alex stands in front of an exhibit at the Newseum.</a>) The exhibit G-men and journalists contains the very first ledger in which this list was kept. It began when a reporter asked the FBI, ""Who are the toughest guys you're looking for?""",the FBI's 10 most wanted list
5851,2/8/2010,Double Jeopardy!,GENERAL SCIENCE,$400 ,In 1869 this Austrian monk published a paper on hawkweed: the experiments didn't work as well as the ones with peas,Mendel
5851,2/8/2010,Double Jeopardy!,INSTRUMENT ETYMOLOGY,$400 ,"It's appropriate that the name of this double reed instrument with a low range comes from the Italian for ""low""",a bassoon
5851,2/8/2010,Double Jeopardy!,FACIAL EXPRESSIONS,$400 ,"This word meaning ""empty"" or ""to be filled in"" describes a vacant type of stare",blank
5851,2/8/2010,Double Jeopardy!,LIT MY FIRE,$400 ,"""The Fire Sermon"" is Part III of this poet's ""The Waste Land""",T.S. Eliot
5851,2/8/2010,Double Jeopardy!,THE STAR'S TV SHOW & MOVIE,$400 ,"""Sex and the City"", ""Sex and the City"" (& ""Did you Hear About the Morgans?"")",Sarah Jessica Parker
5851,2/8/2010,Double Jeopardy!,THE BIG 10-LETTER WORDS,$400 ,"Relatively speaking, it's your mom's husband by a later marriage",a stepfather
5851,2/8/2010,Double Jeopardy!,GENERAL SCIENCE,$800 ,Unusual names borne by these celestial objects include 3834 Zappafrank & 10221 Kubrick,asteroids
5851,2/8/2010,Double Jeopardy!,INSTRUMENT ETYMOLOGY,$800 ,"Your dog will scratch his head if you don't know the ukulele's name comes from the Hawaiian for this ""jumping"" insect",the flea
5851,2/8/2010,Double Jeopardy!,FACIAL EXPRESSIONS,$800 ,It's a self-satisfied smile or grin that you may be asked to wipe off your face,smirk
5851,2/8/2010,Double Jeopardy!,LIT MY FIRE,$800 ,The burning of Moscow after Napoleon's exit is dramatized in this Tolstoy novel,War and Peace
5851,2/8/2010,Double Jeopardy!,THE STAR'S TV SHOW & MOVIE,$800 ,"""Bosom Buddies"", ""The Green Mile""",Tom Hanks
5851,2/8/2010,Double Jeopardy!,THE BIG 10-LETTER WORDS,$800 ,"From the late Latin for ""word"", this book is the last word on words",dictionary
5851,2/8/2010,Double Jeopardy!,GENERAL SCIENCE,"$1,200 ","(<a href=""http://www.j-archive.com/media/2010-02-08_DJ_10.jpg"" target=""_blank"">Jimmy of the Clue Crew holds a bicycle wheel</a>)  When I torque a spinning bike wheel, an equal and opposite torque causes me to rotate also, an illustration of the conservation of angular this",momentum
5851,2/8/2010,Double Jeopardy!,INSTRUMENT ETYMOLOGY,"$1,200 ",The first 4 letters of xylophone refer etymologically to this material used to make its sounding bars,wood
5851,2/8/2010,Double Jeopardy!,FACIAL EXPRESSIONS,"$1,200 ","In the 1600s Charles Le Brun drew illlustrations for each of the passions. <a href=""http://www.j-archive.com/media/2010-02-08_DJ_16a.jpg"" target=""_blank"">Here's</a> la haine, this opposite of love",hate
5851,2/8/2010,Double Jeopardy!,LIT MY FIRE,"$1,200 ","In Book 1 of this, Satan is ""hurld hedlong flaming from th' ethereal skies... to dwell in adamantine chains and penal fire""",Paradise Lost
5851,2/8/2010,Double Jeopardy!,THE STAR'S TV SHOW & MOVIE,"$1,200 ","""Friends"", ""Bruce Almighty""",Jennifer Aniston
5851,2/8/2010,Double Jeopardy!,THE BIG 10-LETTER WORDS,"$1,200 ",Don't lose your head: this French device shares its name with an instrument for surgically removing tonsils,guillotine
5851,2/8/2010,Double Jeopardy!,GENERAL SCIENCE,"$1,600 ",This 4-letter neutral compound is produced by the reaction of an acid & a base,a salt
5851,2/8/2010,Double Jeopardy!,INSTRUMENT ETYMOLOGY,"$1,600 ","From the Latin for ""clear"" comes the name for this woodwind instrument",clarinet
5851,2/8/2010,Double Jeopardy!,FACIAL EXPRESSIONS,"$2,000 ",Jack Nicholson movie villain known for his rictus,the Joker
5851,2/8/2010,Double Jeopardy!,LIT MY FIRE,"$1,600 ","This Irish poet's ""Sailing to Byzantium"" urges ""sages... in God's holy fire"" to be ""singing masters of my soul""",William Butler Yeats
5851,2/8/2010,Double Jeopardy!,THE STAR'S TV SHOW & MOVIE,"$1,600 ","""In Living Color"", ""Bruce Almighty""",Jim Carrey
5851,2/8/2010,Double Jeopardy!,THE BIG 10-LETTER WORDS,"$2,000 ",The report's back from the lab; it's the science dealing with the detection of poisons,toxicology
5851,2/8/2010,Double Jeopardy!,GENERAL SCIENCE,"$2,000 ","Plants having these underground stems, from the Greek for ""root"", include irises, bamboo & wild ginger",rhizomes
5851,2/8/2010,Double Jeopardy!,INSTRUMENT ETYMOLOGY,"$2,000 ","The name of <a href=""http://www.j-archive.com/media/2010-02-08_DJ_27b.jpg"" target=""_blank"">this</a> instrument has nothing to do with the religion, but is more likely a corruption of the word ""jaw""",Jew's harp
5851,2/8/2010,Double Jeopardy!,FACIAL EXPRESSIONS,"$2,000 ","This word for a sidelong glance of crude desire used to mean ""the cheek""",a leer
5851,2/8/2010,Double Jeopardy!,LIT MY FIRE,"$2,000 ","His 1963 bestseller ""The Fire Next Time"" took its title from an old spiritual",James Baldwin
5851,2/8/2010,Double Jeopardy!,THE STAR'S TV SHOW & MOVIE,"$2,000 ","""The Office"", ""Bruce Almighty""",Steve Carell
5851,2/8/2010,Double Jeopardy!,THE BIG 10-LETTER WORDS,"$2,000 ",Something that's the first son's due; Esau sold his,birthright
5851,2/8/2010,Final Jeopardy!,RANKS & TITLES,None,"Owain Glyndwr, who died circa 1416, was the last native of his country to claim this title",Prince of Wales
4335,6/6/2003,Jeopardy!,WEATHER WORLD,$200 ,"Libya's arid climate is made worse by the ghibli, a crop-destroying wind from this desert",Sahara
4335,6/6/2003,Jeopardy!,ON THE COVER OF SGT. PEPPER,$200 ,"He's an African explorer, ""I presume""",Dr. Livingstone
4335,6/6/2003,Jeopardy!,CLOTHING WORDS,$200 ,"A score of 22-22, for instance",tie
4335,6/6/2003,Jeopardy!,MY PLACE?,$200 ,"A Norman could say, ""I'm the king of the motte-and-bailey style of"" this",castle
4335,6/6/2003,Jeopardy!,IT'S A DATE!,$200 ,You'll find this date on a calendar only once every 4 years,February 29 (for a leap year)
4335,6/6/2003,Jeopardy!,"""J"" WHIZ",$200 ,"It's a trip taken by a public official at public expense, ostensibly for official business",junket
4335,6/6/2003,Jeopardy!,WEATHER WORLD,$400 ,"In addition to helping commerce, these ocean winds bring pleasant weather to islands like Hawaii",trade winds
4335,6/6/2003,Jeopardy!,ON THE COVER OF SGT. PEPPER,$400 ,Bob Dylan appears as does this poet from whom he may have taken his stage name,Dylan Thomas
4335,6/6/2003,Jeopardy!,CLOTHING WORDS,$400 ,To lose footing on icy ground,slip
4335,6/6/2003,Jeopardy!,MY PLACE?,$400 ,"As he often said, Chris Farley's character Matt Foley lived in one of these down by the river",van
4335,6/6/2003,Jeopardy!,IT'S A DATE!,$400 ,"(Jimmy of the Clue Crew at the USS Arizona Memorial in Pearl Harbor, Hawaii)  Pearl Harbor will always be remembered for this date in 1941, which FDR said ""will live in infamy""",7-Dec
4335,6/6/2003,Jeopardy!,"""J"" WHIZ",$400 ,"It's not a type of fruit spread, but a large extended campout for several Boy Scout troops together",jamboree
4335,6/6/2003,Jeopardy!,WEATHER WORLD,$600 ,"In Venezuela, this ""season"" is from April to October; in the mountains of Peru, from November to March",rainy season
4335,6/6/2003,Jeopardy!,ON THE COVER OF SGT. PEPPER,$600 ,"This actor is in costume from his film ""The Wild One""",Marlon Brando
4335,6/6/2003,Jeopardy!,CLOTHING WORDS,$600 ,"Breathes heavily, like a dog or a tired jogger",pants
4335,6/6/2003,Jeopardy!,MY PLACE?,$600 ,"The introduction to ""The Song of Hiawatha"" mentions ""the curling smoke of"" these dwellings",wigwams
4335,6/6/2003,Jeopardy!,IT'S A DATE!,$600 ,"Oregon entered the union on this date in 1859, sweetie",14-Feb
4335,6/6/2003,Jeopardy!,"""J"" WHIZ",$600 ,It's believed that the Virgin Mary died in this Middle Eastern city,Jerusalem
4335,6/6/2003,Jeopardy!,WEATHER WORLD,$800 ,It's the U.S. state that experiences the most tornadoes,Texas
4335,6/6/2003,Jeopardy!,ON THE COVER OF SGT. PEPPER,$800 ,The Beatles' bass player before Paul took over,Stu Sutcliffe
4335,6/6/2003,Jeopardy!,CLOTHING WORDS,$800 ,A layer of paint,coat
4335,6/6/2003,Jeopardy!,MY PLACE?,$800 ,"A book subtitled ""Architecture in the Colombian Countryside"" showcases the estates called these in Spanish",haciendas
4335,6/6/2003,Jeopardy!,IT'S A DATE!,$800 ,"It's Bird Day in Oklahoma, & a popular date for pole dancing",1-May
4335,6/6/2003,Jeopardy!,"""J"" WHIZ",$800 ,This 1847 novel takes place mainly at Lowood Orphan Asylum & Thornfield Hall,"""Jane Eyre"""
4335,6/6/2003,Jeopardy!,WEATHER WORLD,"$1,000 ","The Australian mountains that include the Charlotte's Pass ski area, or the weather there in July",Snowy
4335,6/6/2003,Jeopardy!,ON THE COVER OF SGT. PEPPER,"$1,000 ","This ""Das Kapital"" author stands between comedian Oliver Hardy & H.G. Wells",Karl Marx
4335,6/6/2003,Jeopardy!,CLOTHING WORDS,"$1,000 ",Hits hard,socks/belts
4335,6/6/2003,Jeopardy!,MY PLACE?,"$1,000 ",A western camper pitches a tent; a central Asian nomad pitches this,yurt
4335,6/6/2003,Jeopardy!,IT'S A DATE!,"$1,000 ","O Canada celebrates Canada Day on this date, 3 days before a big American holiday",1-Jul
4335,6/6/2003,Jeopardy!,"""J"" WHIZ","$1,000 ",The Hagia Sophia in Istanbul was one of the many churches built by this 6th century Byzantine emperor,Justinian I
4335,6/6/2003,Double Jeopardy!,PLAYWRIGHTS,$400 ,"Critic Walter Kerr called this man's ""Camino Real"" ""The worst play yet written by the best playwright of his generation""",Tennessee Williams
4335,6/6/2003,Double Jeopardy!,THE 1890s,$400 ,"Japan had an emperor, Russia, a czar & Italy was ruled by one of these",king
4335,6/6/2003,Double Jeopardy!,AMERICAN NICKNAMES,$400 ,"She was called ""Little Missy"" & ""Little Sure Shot""",Annie Oakley
4335,6/6/2003,Double Jeopardy!,"""S""-OTERICA",$400 ,"Examples of this TV format include ""Leave It to Beaver"" & ""The King of Queens""",sitcom
4335,6/6/2003,Double Jeopardy!,VIETNAM,$400 ,"It's not the capital, but this Vietnamese city is the most populous",Ho Chi Minh City (formerly Saigon)
4335,6/6/2003,Double Jeopardy!,TOUR OF JUDY,$400 ,Liza & Lorna's mom,Judy Garland
4335,6/6/2003,Double Jeopardy!,PLAYWRIGHTS,$800 ,"""May All Your Fences Have Gates"" is a book of ""Essays on the Drama of"" this African-American playwright",August Wilson
4335,6/6/2003,Double Jeopardy!,THE 1890s,$800 ,"Of ""Frankenstein"", ""The Invisible Man"" or ""Dracula"", the one not created in 1897","""Frankenstein"" (created in 1818)"
4335,6/6/2003,Double Jeopardy!,AMERICAN NICKNAMES,"$1,500 ","The ""Plant Magician"" was Luther Burbank; this man was the ""Plant Doctor""",George Washington Carver
4335,6/6/2003,Double Jeopardy!,"""S""-OTERICA",$800 ,Slang term for a left-handed boxer or fiddle player,southpaw
4335,6/6/2003,Double Jeopardy!,VIETNAM,"$6,800 ","Of the 3 countries that border Vietnam, the one whose name does not begin with the same letter as the other 2",Laos
4335,6/6/2003,Double Jeopardy!,TOUR OF JUDY,$800 ,This animated girl attends Orbit High School,Judy Jetson
4335,6/6/2003,Double Jeopardy!,PLAYWRIGHTS,"$1,200 ","(Sofia of the Clue Crew at the Nederlander Theatre in New York City)  This creator of ""Rent"" died the night of its final dress rehearsal, never knowing he would win the Pulitzer Prize",Jonathan Larson
4335,6/6/2003,Double Jeopardy!,THE 1890s,"$1,200 ",Relationship of Lizzie Borden to the woman she was acquitted of killing,stepdaughter
4335,6/6/2003,Double Jeopardy!,AMERICAN NICKNAMES,"$1,200 ","Born in 1905, he was the ""Billionaire Recluse""",Howard Hughes
4335,6/6/2003,Double Jeopardy!,"""S""-OTERICA","$1,200 ","It's a low-level football ""catch"" made near the ground by a running player",shoestring catch
4335,6/6/2003,Double Jeopardy!,VIETNAM,"$1,200 ","A fertile marshland, Vietnam's southernmost region is the broad delta of this river",Mekong
4335,6/6/2003,Double Jeopardy!,TOUR OF JUDY,"$1,200 ","Twice nominated for Oscars, this actress once studied at an Australian convent & sang in a rock band",Judy Davis
4335,6/6/2003,Double Jeopardy!,PLAYWRIGHTS,"$1,600 ",These British twin brother playwrights wrote mystery novels under the rather obvious alias Peter Anthony,Peter & Anthony Shaffer
4335,6/6/2003,Double Jeopardy!,AMERICAN NICKNAMES,"$1,600 ","Sam Rayburn was ""Mr. Sam"", not ""Mr. Democrat""; this politician was ""Mr. Republican"", not ""Mr. Robert""",Robert Taft
4335,6/6/2003,Double Jeopardy!,"""S""-OTERICA","$1,600 ",(I'm NFL running back Shaun Alexander)  I play in this city that's the farthest distance away from any other NFL city,Seattle
4335,6/6/2003,Double Jeopardy!,VIETNAM,"$1,600 ","The large ""S"" shape that is Vietnam juts out into this sea with a directional name",South China Sea
4335,6/6/2003,Double Jeopardy!,TOUR OF JUDY,"$1,600 ","She played an airheaded blonde to whom William Holden had to teach manners in ""Born Yesterday""",Judy Holliday
4335,6/6/2003,Double Jeopardy!,PLAYWRIGHTS,"$2,000 ","Born in 1799, this poet, novelist & playwright is to Russian literature what Shakespeare is to English literature",Alexander Pushkin
4335,6/6/2003,Double Jeopardy!,AMERICAN NICKNAMES,"$2,000 ","Gloria Vanderbilt or Doris Duke; it's also the translation of the Victoria Ruffo telenovela title ""Pobre Nina Rica""",Poor Little Rich Girl
4335,6/6/2003,Double Jeopardy!,"""S""-OTERICA","$2,000 ",Peter Falk narrated this 1978 documentary in which hardened convicts frightened delinquent kids,Scared Straight
4335,6/6/2003,Double Jeopardy!,VIETNAM,"$2,000 ","Vietnam's narrowest point, about 30 miles, is just north of this port city where U.S. troops landed in 1965",Da Nang
4335,6/6/2003,Double Jeopardy!,TOUR OF JUDY,"$2,000 ","This CNN news anchor once worked as a correspondent for ""The MacNeil/Lehrer Newshour""",Judy Woodruff
4335,6/6/2003,Final Jeopardy!,CANDY,None,"Bill Harmsen, who raised horses in Colo., happily founded this candy co. in 1949 to make money during the winter",Jolly Rancher
4541,5/10/2004,Jeopardy!,HISTORIC NICKNAMES,$200 ,"Because of his Hanoverian heritage, American colonists called this monarch ""German Georgie"" or ""Geordie""",George III
4541,5/10/2004,Jeopardy!,"BIG, REALLY BIG!",$200 ,"Built on 200 acres, this Washington, D.C. train station was once the world's largest",Union Station
4541,5/10/2004,Jeopardy!,POLITICAL MOVIES,$200 ,2 reporters unearth a political scandal that goes all the way to the top in this 1976 film based on a book,All the President's Men
4541,5/10/2004,Jeopardy!,THE 1990s,$200 ,"On Jan. 31, 1999 this team repeated as Super Bowl champs with John Elway throwing for 336 yards",the Denver Broncos
4541,5/10/2004,Jeopardy!,U.S. STATES,$200 ,Do the wild fais-do-do in this state while motoring on Interstate 10 to Baton Rouge or Ponchatoula,Louisiana
4541,5/10/2004,Jeopardy!,HISTORIC NICKNAMES,$400 ,"Among the more colorful nicknames of this agricultural chemist were ""Peanut Man"" & ""Sweet-Potato Man""",George Washington Carver
4541,5/10/2004,Jeopardy!,"BIG, REALLY BIG!",$400 ,The 120-foot big bat being transported here is now at the Kentucky museum named for this 2-word brand,Louisville Slugger
4541,5/10/2004,Jeopardy!,POLITICAL MOVIES,$400 ,"Jimmy Stewart played Jefferson Smith, the naive & idealistic appointee to the U.S. Senate in this Capra classic",Mr. Smith Goes to Washington
4541,5/10/2004,Jeopardy!,THE 1990s,$400 ,"On January 4, 1995 he was sworn in as the first Republican speaker of the house in more than 40 years",Newt Gingrich
4541,5/10/2004,Jeopardy!,U.S. STATES,$400 ,It's the only U.S. state named for a French king,Louisiana
4541,5/10/2004,Jeopardy!,HISTORIC NICKNAMES,$600 ,"This animal phrase meaning ""courageous"" was Richard I of England's nickname",the Lionhearted
4541,5/10/2004,Jeopardy!,"BIG, REALLY BIG!",$600 ,"In 1956 a 12,000-square-mile one of these was seen floating off Antarctica; you might call it titanic",an iceberg
4541,5/10/2004,Jeopardy!,POLITICAL MOVIES,"$1,000 ",This political satire starred John Travolta as a Southern governor running for president,Primary Colors
4541,5/10/2004,Jeopardy!,THE 1990s,$600 ,"On Nov. 5, 1996, this GOP candidate joked, ""Tomorrow will be the first time in my life I don't have anything to do""",Bob Dole
4541,5/10/2004,Jeopardy!,HISTORIC NICKNAMES,$800 ,"He was the ""Father of Texas"", but the Indians called him ""Big Drunk""",Sam Houston
4541,5/10/2004,Jeopardy!,"BIG, REALLY BIG!",$800 ,(Jimmy of the Clue Crew)  In 1996 a 505 X 255-foot flag decorated this structure seen here in the West,the Hoover Dam
4541,5/10/2004,Jeopardy!,POLITICAL MOVIES,$800 ,Frank Langella is the power hungry chief of staff in this film in which Kevin Kline plays a presidential impersonator,Dave
4541,5/10/2004,Jeopardy!,THE 1990s,$800 ,In April 1992 riots broke out in L.A. after a jury failed to convict the policemen involved in the beating of this man,Rodney King
4541,5/10/2004,Jeopardy!,HISTORIC NICKNAMES,"$1,000 ","This 19th century American politician & orator was nicknamed ""The Little Giant""",Stephen Douglas
4541,5/10/2004,Jeopardy!,"BIG, REALLY BIG!","$1,000 ",Lady Hamilton could tell you the name of this 185-foot column that went up in the early 1840s,(Lord) Nelson's Column
4541,5/10/2004,Jeopardy!,POLITICAL MOVIES,"$1,000 ","Michael Douglas played Andrew Shepherd, the title character of this film, & even he had trouble dating",The American President
4541,5/10/2004,Jeopardy!,THE 1990s,"$1,000 ","Queen Elizabeth II & Francois Mitterrand appeared together at the opening of this on May 6, 1994","the opening of the ""Chunnel"" (the Channel tunnel)"
4541,5/10/2004,Double Jeopardy!,"CROSSWORD CLUES ""D""",$400 ,"Scotch, & make it this (6)",double
4541,5/10/2004,Double Jeopardy!,CAPITOL THINKERS,$400 ,"This man from Mass. is the ranking Democrat of the Senate's Health, Education, Labor & Pensions Committee",Edward Kennedy
4541,5/10/2004,Double Jeopardy!,MEET THE PARENTS,$400 ,"CBS, Blockbuster, Simon & Schuster",Viacom
4541,5/10/2004,Double Jeopardy!,YOU SHOULD BE IN A BALLET!,$400 ,This fluffy skirt that you may have to wear was not named for archbishop Desmond,tutu
4541,5/10/2004,Double Jeopardy!,GROSS NATIONAL PRODUCTS,$400 ,"In this largest country, comrades left & right enjoy coulibiac, a pie made with the spinal marrow of the sturgeon",Russia
4541,5/10/2004,Double Jeopardy!,POTPOURRI,$400 ,"Some think this Irving Berlin song should replace ""The Star-Spangled Banner"" as the national anthem -- it's easier to sing","""God Bless America"""
4541,5/10/2004,Double Jeopardy!,"CROSSWORD CLUES ""D""",$800 ,"He's the shadowy Watergate source (4,6)","""Deep Throat"""
4541,5/10/2004,Double Jeopardy!,CAPITOL THINKERS,$800 ,This self-made man has the distinction of being the longest serving senator ever from West Virginia,Robert Byrd
4541,5/10/2004,Double Jeopardy!,MEET THE PARENTS,$800 ,"Aiwa, Epic Records, Columbia Tristar",Sony
4541,5/10/2004,Double Jeopardy!,YOU SHOULD BE IN A BALLET!,$800 ,"Your allergy to feathers may prevent you from playing Odette, the queen of the swans in this ballet",Swan Lake
4541,5/10/2004,Double Jeopardy!,GROSS NATIONAL PRODUCTS,$800 ,The Masai people of this African country mix cow blood with milk for a refreshing drink,Kenya
4541,5/10/2004,Double Jeopardy!,POTPOURRI,$800 ,"Politicians often complain about having to make appearances on this ""unappetizing poultry"" circuit","the ""rubber chicken"" circuit"
4541,5/10/2004,Double Jeopardy!,CAPITOL THINKERS,"$1,200 ","This Ariz. senator said of Bush's energy plan, ""Just one pork barrel project larded onto another""",John McCain
4541,5/10/2004,Double Jeopardy!,MEET THE PARENTS,"$1,200 ","D.C. Comics, MapQuest.com, CNN",Time Warner
4541,5/10/2004,Double Jeopardy!,YOU SHOULD BE IN A BALLET!,"$1,000 ","To star in this 1890 fairy tale ballet, you shouldn't have spindly legs but you will need a spindle",Sleeping Beauty
4541,5/10/2004,Double Jeopardy!,GROSS NATIONAL PRODUCTS,"$1,200 ",Sanma aisu is fish-flavored ice cream & taco aisu is octopus-flavored ice cream made in this country,Japan
4541,5/10/2004,Double Jeopardy!,POTPOURRI,"$1,200 ",There are Blue & White branches of this African river,the Nile
4541,5/10/2004,Double Jeopardy!,CAPITOL THINKERS,"$1,600 ",This Tennessee senator is a practicing physician,Bill Frist
4541,5/10/2004,Double Jeopardy!,MEET THE PARENTS,"$1,600 ","First Colony Life Insurance, Telemundo, NBC",General Electric
4541,5/10/2004,Double Jeopardy!,YOU SHOULD BE IN A BALLET!,"$1,600 ",Your striking resemblance to Kirk Douglas has convinced us to star you in the ballet about this gladiator,Spartacus
4541,5/10/2004,Double Jeopardy!,GROSS NATIONAL PRODUCTS,"$1,600 ","When on this north Atlantic island be sure to try hakarl, a traditional dish of rotten shark",Iceland
4541,5/10/2004,Double Jeopardy!,POTPOURRI,"$1,600 ",VP Garret Hobart cast the deciding vote against independence for these formerly Spanish Pacific islands,the Philippines
4541,5/10/2004,Double Jeopardy!,CAPITOL THINKERS,"$2,000 ","This Vermont senator wrote, ""You get 15 Democrats together in a room, and you get 20 opinions""",Patrick Leahy
4541,5/10/2004,Double Jeopardy!,MEET THE PARENTS,"$2,000 ","Hyperion Books, Mammoth Records, Miramax Films",Disney
4541,5/10/2004,Double Jeopardy!,YOU SHOULD BE IN A BALLET!,"$2,000 ","Your ""Romeo and Juliet"" will make everyone forget the 1965 triumph of Rudolf Nureyev & this partner",Margot Fonteyn
4541,5/10/2004,Double Jeopardy!,GROSS NATIONAL PRODUCTS,"$2,000 ","Consisting of a sheep's minced heart, lung & liver, haggis is a specialty of this U.K. country",Scotland
4541,5/10/2004,Double Jeopardy!,POTPOURRI,"$2,000 ",The website for this Bureau of the Treasury department is www.moneyfactory.com,the Bureau of Printing and Engraving
4541,5/10/2004,Final Jeopardy!,THE PRESIDENCY,None,"If a president is impeached, this official presides over the trial in the Senate",the Chief Justice of the United States
3834,4/12/2001,Jeopardy!,AFRICAN GEOGRAPHY,$100 ,"The Qattara Depression, one of Africa's lowest points, lies 300 miles southwest of this country's pyramids",Egypt
3834,4/12/2001,Jeopardy!,"BON APPE-""T""",$100 ,A folded tortilla filled with various ingredients,Taco
3834,4/12/2001,Jeopardy!,MONEY SLANG,$100 ,Cheap way off a rodeo bronco,Buck
3834,4/12/2001,Jeopardy!,AIN'T THAT AMERICA,$100 ,The Mackinac Bridge joins the upper & lower peninsulas of this U.S. state,Michigan
3834,4/12/2001,Jeopardy!,WHY?,$100 ,These events occur because gas-filled magma is forced to the surface by pressure from solid rock,Volcanic eruptions
3834,4/12/2001,Jeopardy!,THE BUTLER DID IT,$100 ,"Ted Cassidy played Bigfoot on ""The Six Million Dollar Man"" & filled this servant's shoes on ""The Addams Family""",Lurch
3834,4/12/2001,Jeopardy!,AFRICAN GEOGRAPHY,$200 ,Arabs call this Libyan capital Tarabulus,Tripoli
3834,4/12/2001,Jeopardy!,"BON APPE-""T""",$200 ,"This ""steak"" is a hot dog",Tube steak
3834,4/12/2001,Jeopardy!,MONEY SLANG,$200 ,"No ""Wonder"" you're on a ""roll"" -- you're not a ""loaf""er & you're earning a lot of this",Bread/dough
3834,4/12/2001,Jeopardy!,AIN'T THAT AMERICA,$200 ,This state was named for a man who was a European king from 1643 to 1715,Louisiana
3834,4/12/2001,Jeopardy!,WHY?,$200 ,"They're ""unlucky"" because in the Middle Ages they were thought to be the mascots of witches",Black cats
3834,4/12/2001,Jeopardy!,THE BUTLER DID IT,$200 ,He must have a great benefit plan; Alfred began his service to this crime fighter way back in 1943,Batman
3834,4/12/2001,Jeopardy!,AFRICAN GEOGRAPHY,$300 ,"Most of Africa's major rivers, including the Congo & the Niger, flow into this ocean",Atlantic
3834,4/12/2001,Jeopardy!,"BON APPE-""T""",$300 ,This root vegetable often has white skin & a purple-tinged top,Turnip
3834,4/12/2001,Jeopardy!,MONEY SLANG,$300 ,"If you have the itch to start a business ""from"" it, you'll certainly need some of it",Scratch
3834,4/12/2001,Jeopardy!,AIN'T THAT AMERICA,$300 ,There are more farms in this large southwestern state than in any other,Texas
3834,4/12/2001,Jeopardy!,WHY?,$300 ,"According to Genesis 3:14, because it tricked Eve",Why does the snake crawl on the ground?
3834,4/12/2001,Jeopardy!,THE BUTLER DID IT,$300 ,"Robert Guillaume cleaned up on ""Soap"" before moving to the governor's mansion on this series",Benson
3834,4/12/2001,Jeopardy!,AFRICAN GEOGRAPHY,$400 ,"In addition to its bountiful wildlife, this desert is the site of the Orapa diamond mine, one of the world's largest",Kalahari
3834,4/12/2001,Jeopardy!,"BON APPE-""T""",$400 ,It's a cross between a pomelo & a tangerine,Tangelo
3834,4/12/2001,Jeopardy!,MONEY SLANG,$400 ,Bank notes that sing before fa-so-la,Do-re-mi
3834,4/12/2001,Jeopardy!,AIN'T THAT AMERICA,$400 ,"This town bearing the name of an old TV game show is the seat of Sierra County, New Mexico",Truth or Consequences (Hot Springs)
3834,4/12/2001,Jeopardy!,WHY?,$400 ,"To punish Vronsky for turning cold to her, & to escape from everything",Why does Anna Karenina kill herself?
3834,4/12/2001,Jeopardy!,THE BUTLER DID IT,$400 ,"Daniel Davis played Niles the butler on this ""Fine"" TV comedy that featured the Sheffield family",The Nanny
3834,4/12/2001,Jeopardy!,AFRICAN GEOGRAPHY,"$1,500 ","Jebel Musa, a promontory in this mountain range, is one of the Pillars of Hercules",Atlas Mountains
3834,4/12/2001,Jeopardy!,"BON APPE-""T""",$500 ,A yellow cheddar from Oregon,Tillamook
3834,4/12/2001,Jeopardy!,MONEY SLANG,$500 ,2-word phrase for Henny Penny's lunch,Chicken feed
3834,4/12/2001,Jeopardy!,AIN'T THAT AMERICA,$500 ,"On June 17, 1969 this controversial erotic revue opened off-Broadway; oh my!",Oh! Calcutta!
3834,4/12/2001,Jeopardy!,WHY?,$500 ,Because bacteria from carbon dioxide bubbles around which the curd hardens,Why does Swiss cheese have holes?
3834,4/12/2001,Jeopardy!,THE BUTLER DID IT,$500 ,"Giles was the first name of this Sebastian Cabot character on ""Family Affair""",Mr. French
3834,4/12/2001,Double Jeopardy!,SCIENCE & NATURE,$200 ,In the East Indies certain species of this reptile are called flying dragons because they can glide from tree to tree,Lizards
3834,4/12/2001,Double Jeopardy!,"THE MELBOURNE OLYMPICS, 1956",$200 ,"As an 8-year-old in 1956, she sang with a group welcoming Queen Elizabeth II; later she sang to open the 2000 games",Olivia Newton-John
3834,4/12/2001,Double Jeopardy!,WRITERS CUBED,$200 ,"In 1845 he published ""The Raven and Other Poems""; the other poems include ""The Conqueror Worm""",Edgar Allan Poe
3834,4/12/2001,Double Jeopardy!,BRITISH ROYAL HOUSES,$200 ,Henry VIII,Tudor
3834,4/12/2001,Double Jeopardy!,AND I QUOTE,$200 ,"Type of quotations in the title of ""Bartlett's""",Familiar
3834,4/12/2001,Double Jeopardy!,"THE ""BUTLER"" DID IT",$200 ,"Film character who said, ""You should be kissed, and often, and by someone who knows how""",Rhett Butler
3834,4/12/2001,Double Jeopardy!,SCIENCE & NATURE,$400 ,"Newton, Cassegrain, Schmidt & Maksutov all have types of this instrument named for them",Telescope
3834,4/12/2001,Double Jeopardy!,"THE MELBOURNE OLYMPICS, 1956",$400 ,"Teams were pulling out left & right, some in protest of the Soviet invasion of this country",Hungary
3834,4/12/2001,Double Jeopardy!,WRITERS CUBED,$400 ,"In 1977 a reconstruction of her ""Little House"" was put on the original site 13 miles southwest of Independence",Laura Ingalls Wilder
3834,4/12/2001,Double Jeopardy!,BRITISH ROYAL HOUSES,$400 ,George VI,Windsor
3834,4/12/2001,Double Jeopardy!,AND I QUOTE,$400 ,"A quote can be taken ""out of"" this, from the Latin for ""to weave together""",Context
3834,4/12/2001,Double Jeopardy!,"THE ""BUTLER"" DID IT",$400 ,"A former Dodger outfielder & TV's ""Grace Under Fire"" both go by this name",Brett Butler
3834,4/12/2001,Double Jeopardy!,SCIENCE & NATURE,"$1,800 ",The flexible neck of this bird of prey allows it to rotate its head an amazing 270 degrees,Owl
3834,4/12/2001,Double Jeopardy!,"THE MELBOURNE OLYMPICS, 1956",$600 ,"Like Korea in 2000, this country entered the stadium in 1956 as a ""United"" team",Germany
3834,4/12/2001,Double Jeopardy!,WRITERS CUBED,$600 ,"19th century minister of the Second Church of Boston, known for essays like ""Self-Reliance""",Ralph Waldo Emerson
3834,4/12/2001,Double Jeopardy!,BRITISH ROYAL HOUSES,$600 ,Richard I,Plantagenet
3834,4/12/2001,Double Jeopardy!,AND I QUOTE,$600 ,"Kim Walker's character in ""Say Anything"" has this annoying habit when quoting",Making quotations with your fingers
3834,4/12/2001,Double Jeopardy!,"THE ""BUTLER"" DID IT",$600 ,"This Irish poet who penned ""The Winding Stair"" shares his middle name with his brother Jack & father John",William Butler Yeats
3834,4/12/2001,Double Jeopardy!,SCIENCE & NATURE,$800 ,"Change 1 letter in ""protest"" to get this word for a protozoan & others in its kingdom",Protist
3834,4/12/2001,Double Jeopardy!,WRITERS CUBED,$800 ,"Her 2000 novel ""Blonde"" is, of course, about Marilyn Monroe",Joyce Carol Oates
3834,4/12/2001,Double Jeopardy!,BRITISH ROYAL HOUSES,"$2,000 ",James I,Stuart
3834,4/12/2001,Double Jeopardy!,AND I QUOTE,$800 ,"3-word phrase for a quote meant for attribution, or a quote like ""Gretzky's 92 goals are unbeatable!""",On the record
3834,4/12/2001,Double Jeopardy!,"THE ""BUTLER"" DID IT",$800 ,"In his 1872 novel ""Erewhon"", poverty is considered a crime",Samuel Butler
3834,4/12/2001,Double Jeopardy!,SCIENCE & NATURE,"$1,000 ","Sir Humphry Davy named this yellowish-green gas from a Greek word meaning ""greenish-yellow""",Chlorine
3834,4/12/2001,Double Jeopardy!,WRITERS CUBED,"$1,000 ","""Before I Say Good-Bye"" is her 22nd romantic thriller, so it's no mystery -- she's good",Mary Higgins Clark
3834,4/12/2001,Double Jeopardy!,BRITISH ROYAL HOUSES,"$1,000 ",George III,Hanover
3834,4/12/2001,Double Jeopardy!,AND I QUOTE,"$1,000 ",Publishing term for the type of quote seen here: [Trebek's...made it into record books as host of television's #1-rated quiz show.],Pull quote
3834,4/12/2001,Double Jeopardy!,"THE ""BUTLER"" DID IT","$1,000 ","The mission statement of this school says it's located ""In...Indianapolis, one of America's most livable cities""",Butler University
3834,4/12/2001,Final Jeopardy!,THEATRE,None,"The 1996 musical ""Play On!"" gets its title from the first line of this Shakespeare play, on which it is based","\""Twelfth Night\"""
3619,5/4/2000,Jeopardy!,20th CENTURY QUOTES,$100 ,"A minister, 1968: ""I've seen the promised land...and I'm happy tonight...I'm not fearing any man""","Dr. Martin Luther King, Jr."
3619,5/4/2000,Jeopardy!,ALL ABOARD THE SOUL TRAIN,$100 ,"""Soul Train"" premiered in this decade",1970s
3619,5/4/2000,Jeopardy!,WAR STORIES,$100 ,"""Marching On"", ""By Antietam Creek""",Civil War
3619,5/4/2000,Jeopardy!,EUROPE,$100 ,Descriptive term for the flag of Italy & the flag of France,Tricolor
3619,5/4/2000,Jeopardy!,WEEDS,$100 ,The most common cause of hay fever in the U.S. is this substance from ragweed,Pollen
3619,5/4/2000,Jeopardy!,"SEEING ""RED""",$100 ,"In ""Peanuts"", Snoopy often fancied himself a flying ace out to get this pilot",The Red Baron
3619,5/4/2000,Jeopardy!,20th CENTURY QUOTES,$200 ,"A Communist, 1938: ""Political power grows out of the barrel of a gun""",Mao Tse-tung
3619,5/4/2000,Jeopardy!,ALL ABOARD THE SOUL TRAIN,$200 ,Oh yessssssss...he created the show & was the original producer & host,Don Cornelius
3619,5/4/2000,Jeopardy!,WAR STORIES,$200 ,"""Body Count"", ""Coming Home""",Vietnam War
3619,5/4/2000,Jeopardy!,EUROPE,$200 ,From 1963 to 1978 he was Archbishop of Krakow,Karol Wojtyla (Pope John Paul II)
3619,5/4/2000,Jeopardy!,WEEDS,$200 ,This common weed seen here has a beverage in its name,Milkweed
3619,5/4/2000,Jeopardy!,"SEEING ""RED""",$200 ,Excessive bureaucratic procedure resulting in inaction or delay,Red tape
3619,5/4/2000,Jeopardy!,20th CENTURY QUOTES,$500 ,"A physicist, 1955: ""If only I had known, I would have become a watchmaker""",Albert Einstein
3619,5/4/2000,Jeopardy!,ALL ABOARD THE SOUL TRAIN,$300 ,"White crossover artists featured on ""Soul Train"" have included David Bowie & this ""Island Girl"" singer",Elton John
3619,5/4/2000,Jeopardy!,WAR STORIES,$300 ,"""The Good Soldier Schweik"", ""Paths of Glory""",World War I
3619,5/4/2000,Jeopardy!,EUROPE,$300 ,Geographic region within the Arctic Circle named for the people who call themselves the Sami,Lapland
3619,5/4/2000,Jeopardy!,WEEDS,$300 ,This plant whose alkaloids ended Socrates' life now grows on American roadsides,Hemlock
3619,5/4/2000,Jeopardy!,"SEEING ""RED""",$300 ,"Stephen Crane wrote, ""He wished that he, too, had a wound,"" this",A red badge of courage
3619,5/4/2000,Jeopardy!,20th CENTURY QUOTES,$400 ,"A governor, 1963: ""Segregation now!  Segregation tomorrow!  Segregation forever!""",George Wallace
3619,5/4/2000,Jeopardy!,ALL ABOARD THE SOUL TRAIN,$400 ,This hair care product was among the first major backers of the show,Afro Sheen
3619,5/4/2000,Jeopardy!,WAR STORIES,$400 ,"""A Walk in the Sun"", ""They Were Expendable""",World War II
3619,5/4/2000,Jeopardy!,EUROPE,$400 ,It's the smallest in area of the Benelux countries,Luxembourg
3619,5/4/2000,Jeopardy!,WEEDS,$400 ,This fabric follows Queen Anne's in the name of the weed seen here,Lace
3619,5/4/2000,Jeopardy!,"SEEING ""RED""",$400 ,"In song, just ""remember"" this place ""and the cowboy that loves you so true""",Red River Valley
3619,5/4/2000,Jeopardy!,20th CENTURY QUOTES,$500 ,"A professor, 1967: ""Turn on, tune in, drop out""",Timothy Leary
3619,5/4/2000,Jeopardy!,ALL ABOARD THE SOUL TRAIN,$500 ,"To gain better production values, ""Soul Train"" was moved from this city to Los Angeles",Chicago
3619,5/4/2000,Jeopardy!,WAR STORIES,$500 ,"""Arundel"", ""Johnny Tremain""",The Revolutionary War
3619,5/4/2000,Jeopardy!,EUROPE,$500 ,"The fertile plain east of the Danube, making up half this country's area, is called the Great Alfold",Hungary
3619,5/4/2000,Jeopardy!,WEEDS,$500 ,"In the names of weeds, this old word for a plant follows soap- & St. John's",Wort
3619,5/4/2000,Jeopardy!,"SEEING ""RED""",$500 ,"The title of a 1928 song Sophie Tucker introduced, it was also her nickname","""The Last of the Red Hot Mamas"""
3619,5/4/2000,Double Jeopardy!,INITIAL T.V.,$200 ,This show which had a 9-year-run on ABC was produced with help from J. Edgar Hoover,The F.B.I.
3619,5/4/2000,Double Jeopardy!,SAINTS BE PRAISED,$200 ,"The emblem of St. Lawrence, it's also a nickname for a football field",Gridiron
3619,5/4/2000,Double Jeopardy!,MR. OR MS. WILLIAMS,$200 ,"Elected to the Hall of Fame in 1966, his lifetime batting average was .344",Ted Williams
3619,5/4/2000,Double Jeopardy!,AIN'T THAT AMERICA,$200 ,This state's largest lake may be 20 times as salty as any ocean,Utah (Great Salt Lake)
3619,5/4/2000,Double Jeopardy!,"SOMETHIN' TO ""C""",$200 ,"Oscar & Felix were an ""odd"" one",Couple
3619,5/4/2000,Double Jeopardy!,INITIAL T.V.,$400 ,"This '60s police drama with Jack Warden was missing the ""blue"" of the series that began in 1993",N.Y.P.D.
3619,5/4/2000,Double Jeopardy!,SAINTS BE PRAISED,$400 ,The first American citizen canonized was an immigrant from this country,Italy (Mother Cabrini)
3619,5/4/2000,Double Jeopardy!,MR. OR MS. WILLIAMS,$400 ,"This crooner's hits include 1971's ""Where Do I Begin"" & 1959's ""Lonely Street""",Andy Williams
3619,5/4/2000,Double Jeopardy!,AIN'T THAT AMERICA,$400 ,"Francis Scott Key wrote ""The Star-Spangled Banner"" while in this state during the War of 1812",Maryland
3619,5/4/2000,Double Jeopardy!,"SOMETHIN' TO ""C""",$400 ,Ichabod's patronymic,Crane
3619,5/4/2000,Double Jeopardy!,PHYSICAL SCIENCE,$600 ,Max Planck gave this name to the smallest amount of energy that can be emitted as electromagnetic radiation,Quantum
3619,5/4/2000,Double Jeopardy!,INITIAL T.V.,$600 ,"[Hi, I'm Pat O'Brien]  David E. Kelley won 2 Emmys for this show in 1991, one as executive producer, one as writer",L.A. Law
3619,5/4/2000,Double Jeopardy!,SAINTS BE PRAISED,$600 ,"Saint Brigid was buried at Kildare, but was later moved to be buried with this saint",Saint Patrick
3619,5/4/2000,Double Jeopardy!,MR. OR MS. WILLIAMS,"$1,600 ","""The Hillbilly Shakespeare"" is one nickname of this legendary singer","Hank Williams, Sr."
3619,5/4/2000,Double Jeopardy!,AIN'T THAT AMERICA,$600 ,Ice cream cones were reportedly first served at the 1904 World's Fair in this state,Missouri (St. Louis)
3619,5/4/2000,Double Jeopardy!,"SOMETHIN' TO ""C""",$600 ,The means of production are privately owned in this economic system,Capitalism
3619,5/4/2000,Double Jeopardy!,PHYSICAL SCIENCE,$800 ,"To scientists, it's force times distance; to Twain, it's ""whatever a body is obliged to do""",Work
3619,5/4/2000,Double Jeopardy!,INITIAL T.V.,$800 ,This '70s series about a harsh Navy drill instructor with a soft heart starred Don Rickles,C.P.O. Sharkey
3619,5/4/2000,Double Jeopardy!,SAINTS BE PRAISED,$800 ,"Philip of Moscow foresaw that his post as primate of the Russian church might lead to martyrdom, as this man was czar",Ivan the Terrible
3619,5/4/2000,Double Jeopardy!,MR. OR MS. WILLIAMS,$800 ,The aquatic Mrs. Fernando Lamas,Esther Williams
3619,5/4/2000,Double Jeopardy!,AIN'T THAT AMERICA,$500 ,In 1886 a pharmacist in this southern state became the first man to enjoy a Coke and a smile,Georgia
3619,5/4/2000,Double Jeopardy!,PHYSICAL SCIENCE,"$1,000 ",Stoichiometry is defined as the study of the quantities involved in these chemical events,Chemical reactions
3619,5/4/2000,Double Jeopardy!,INITIAL T.V.,"$1,000 ","Organization that employed Alexander Waverly, Mark Slate & Illya Kuryakin",U.N.C.L.E. (United Network Command for Law and Enforcement)
3619,5/4/2000,Double Jeopardy!,SAINTS BE PRAISED,"$1,000 ","In September 1999 an abridged version of his ""City of God"" ranked 9,821st on Amazon.com's sales list",Saint Augustine
3619,5/4/2000,Double Jeopardy!,MR. OR MS. WILLIAMS,"$1,000 ",This devoted mom has been called the most famous Miss America of all time,Vanessa Williams
3619,5/4/2000,Double Jeopardy!,AIN'T THAT AMERICA,"$1,000 ",From 1784 to 1788 the eastern part of this state was a separate state called Franklin,Tennessee
3619,5/4/2000,Double Jeopardy!,"SOMETHIN' TO ""C""","$1,000 ",In 41 A.D. Cassius Chaerea & company assassinated this Roman emperor,Caligula
3619,5/4/2000,Final Jeopardy!,FILM CLASSICS,None,This 1951 classic stars the AFI's top picks for the greatest male & female film legends,The African Queen (Humphrey Bogart & Katharine Hepburn)
3534,1/6/2000,Jeopardy!,NUMBERS,$100 ,"Fittingly, the book of Numbers begins with God telling this man to count the number of Israelites",Moses
3534,1/6/2000,Jeopardy!,'65,$100 ,"These 2 countries nicknamed the Bear & the Dragon conducted a ""verbal war""",Soviet Union & China
3534,1/6/2000,Jeopardy!,FORE!,$100 ,"In 1994 at age 18, he became the youngest golfer to win the U.S. Amateur Golf Tournament",Tiger Woods
3534,1/6/2000,Jeopardy!,THREE,$100 ,"Mother Goose rhyming line that follows ""Rub-a-dub-dub""",Three men in a tub
3534,1/6/2000,Jeopardy!,TWO,$100 ,In suds: Eberhard Anheuser &...,Adolphus Busch
3534,1/6/2000,Jeopardy!,JUAN,$100 ,"Days out of prison in 1945, he married Maria Eva Duarte; we now know her as Evita",Juan Peron
3534,1/6/2000,Jeopardy!,NUMBERS,$200 ,Numbers appears at this number position in the order of the books of the Bible,Fourth
3534,1/6/2000,Jeopardy!,'65,$200 ,Strike up the band; this Christian organization turned 100 in June,The Salvation Army
3534,1/6/2000,Jeopardy!,FORE!,$200 ,"Except during WWII, this golf tournament has been played at the Augusta National Golf Club every year since 1934",The Masters
3534,1/6/2000,Jeopardy!,THREE,$200 ,"It beats 2 pair, but not a straight",Three of a kind
3534,1/6/2000,Jeopardy!,TWO,$200 ,In pharmaceuticals: William Bristol &...,John Myers
3534,1/6/2000,Jeopardy!,JUAN,$200 ,"While trying to colonize what's now this state, Juan Ponce de Leon received a mortal wound from the natives",Florida
3534,1/6/2000,Jeopardy!,NUMBERS,$300 ,"Of the 12 spies sent, only Caleb & this future leader believed the Israelites could take Canaan",Joshua
3534,1/6/2000,Jeopardy!,'65,$300 ,"On January 20, 1965 he was inaugurated as U.S. vice president",Hubert H. Humphrey
3534,1/6/2000,Jeopardy!,FORE!,$300 ,This stretch of closely mowed grass from the tee to the green may be straight or at an angle called a dogleg,Fairway
3534,1/6/2000,Jeopardy!,THREE,$300 ,"Stalin, FDR & Churchill were known by this collective nickname when they met in Teheran in 1943","""The Big Three"""
3534,1/6/2000,Jeopardy!,TWO,$300 ,In advertising: Jay Chiat &...,Guy Day
3534,1/6/2000,Jeopardy!,JUAN,$300 ,"Juan Belmonte is considered the founder of the modern version of this sport, ole!",Bullfighting
3534,1/6/2000,Jeopardy!,NUMBERS,$400 ,"In chapter 8, this tribe of Israelites is appointed to work in the tabernacle",Levites
3534,1/6/2000,Jeopardy!,'65,$500 ,"Awarded the Nobel Peace Prize on Oct. 25, 1965, maybe it got its prize money in pennies on the 31st",UNICEF
3534,1/6/2000,Jeopardy!,FORE!,$400 ,This hazard is simply a depression in the ground; if it contains sand it's called a sand trap,Bunker
3534,1/6/2000,Jeopardy!,THREE,$400 ,In 1979 this nuclear power plant near Harrisburg experienced a near meltdown,Three Mile Island
3534,1/6/2000,Jeopardy!,TWO,$400 ,In engines: Stephen Briggs &...,Harold Stratton
3534,1/6/2000,Jeopardy!,JUAN,$400 ,"1998's MVP in the American League was outfielder Juan Gonzalez, then with this team",Texas Rangers (now with the Tigers)
3534,1/6/2000,Jeopardy!,NUMBERS,$500 ,"In chapter 20, Eleazar succeeds this man, his father, as high priest",Aaron
3534,1/6/2000,Jeopardy!,'65,$500 ,This company's new Toronado eliminated the hump on the floor with a new drive system,Oldsmobile
3534,1/6/2000,Jeopardy!,FORE!,$500 ,"This ""Royal & Ancient Golf Club"" of Scotland set the standard for a round of golf at 18 holes",St. Andrews
3534,1/6/2000,Jeopardy!,THREE,$500 ,"Brecht & Weill's ""Die Dreigroschenoper"" is known as this in English","""The Threepenny Opera"""
3534,1/6/2000,Jeopardy!,TWO,$500 ,In fashion: Domenico Dolce &...,Stefano Gabbana
3534,1/6/2000,Jeopardy!,JUAN,$500 ,"In 1995 he was named ASCAP's Latin Songwriter of the Year & in 1996, sang a duet with Paul Anka",Juan Gabriel
3534,1/6/2000,Double Jeopardy!,KOREA,$200 ,"In 1976 this company produced the Pony, the first Korean car",Hyundai
3534,1/6/2000,Double Jeopardy!,"""NEVER"" AT THE MOVIES",$200 ,Advice that's the title of a 1941 W.C. Fields film,Never Give a Sucker an Even Break
3534,1/6/2000,Double Jeopardy!,POLAR EXPLORATION,$200 ,Robert Peary was surprised to hear these natives accompanying him complain of cold noses,Eskimos
3534,1/6/2000,Double Jeopardy!,AIRPORT CODES,$200 ,ATL,Atlanta
3534,1/6/2000,Double Jeopardy!,THAT'S NO LADY...,$200 ,"In the '70s he played America's favorite bigot, Archie Bunker",Carroll O'Connor
3534,1/6/2000,Double Jeopardy!,DOUBLE A,$200 ,Quirks of this Eurocar include the ignition lock in the center console,Saab
3534,1/6/2000,Double Jeopardy!,KOREA,$400 ,It's enlightening to know the eighth day of the fourth lunar month is celebrated as his birthday,Buddha
3534,1/6/2000,Double Jeopardy!,"""NEVER"" AT THE MOVIES",$400 ,"(Hi, I'm Garry Marshall)  I sent copy editor Drew Barrymore back to high school for an undercover assignment in this 1999 comedy",Never Been Kissed
3534,1/6/2000,Double Jeopardy!,POLAR EXPLORATION,$400 ,"Edward Bransfield, a possible discoverer of Antarctica, had to battle these birds to get ashore",Penguins
3534,1/6/2000,Double Jeopardy!,AIRPORT CODES,$400 ,BRU,Brussels
3534,1/6/2000,Double Jeopardy!,THAT'S NO LADY...,$400 ,"Before he was a Yippie leader & one of the ""Chicago Seven"", he was a pharmaceuticals salesman",Abbie Hoffman
3534,1/6/2000,Double Jeopardy!,DOUBLE A,$400 ,It's how you properly address the Queen of England,Maam
3534,1/6/2000,Double Jeopardy!,KOREA,$800 ,"The name of this martial art resembling karate is Korean for ""art of kicking and punching""",Taekwondo
3534,1/6/2000,Double Jeopardy!,"""NEVER"" AT THE MOVIES",$600 ,This 1977 movie about a schizophrenic girl was adapted from Joanne Greenberg's book of the same name,I Never Promised You a Rose Garden
3534,1/6/2000,Double Jeopardy!,POLAR EXPLORATION,$600 ,"In 1969, on dogsled, a British team made the first surface crossing of this ocean",Arctic Ocean
3534,1/6/2000,Double Jeopardy!,AIRPORT CODES,$600 ,In Scandinavia: CPH,Copenhagen
3534,1/6/2000,Double Jeopardy!,THAT'S NO LADY...,$600 ,"A legendary lineman for the Giants & the Rams, he also published a ""Needlepoint Book for Men""",Rosie (Roosevelt) Grier
3534,1/6/2000,Double Jeopardy!,DOUBLE A,$600 ,Biblical man with a talking ass,Balaam
3534,1/6/2000,Double Jeopardy!,KOREA,$800 ,"Reportedly, the farther south you go, the hotter you'll find this common dish of pickled cabbage",Kimchi
3534,1/6/2000,Double Jeopardy!,"""NEVER"" AT THE MOVIES",$800 ,"Despite the promise of its title, this 1984 fantasy movie is 94 minutes long; the 1991 sequel is only 90 minutes",The Neverending Story
3534,1/6/2000,Double Jeopardy!,POLAR EXPLORATION,$800 ,"This South Pole conqueror died trying to rescue Umberto Nobile, who eventually lived to be 93",Roald Amundsen
3534,1/6/2000,Double Jeopardy!,AIRPORT CODES,$800 ,On the continent: ORY,Paris (Orly)
3534,1/6/2000,Double Jeopardy!,THAT'S NO LADY...,$800 ,"He was a comic foil as Mr. Mooney on ""The Lucy Show"" & Mr. Wilson on ""Dennis the Menace""",Gale Gordon
3534,1/6/2000,Double Jeopardy!,DOUBLE A,$800 ,Architect Eero,Saarinen
3534,1/6/2000,Double Jeopardy!,KOREA,"$1,000 ","South Korea's second-largest city, it gave its name to a Korean war ""perimeter""",Pusan
3534,1/6/2000,Double Jeopardy!,"""NEVER"" AT THE MOVIES","$1,000 ","The 2 James Bond films that have ""Never"" in the title",Never Say Never Again & Tomorrow Never Dies
3534,1/6/2000,Double Jeopardy!,POLAR EXPLORATION,"$1,000 ",This man who sailed with Scott later made a daring trek when his ship Endurance was trapped by ice,Ernest Shackleton
3534,1/6/2000,Double Jeopardy!,AIRPORT CODES,"$1,000 ",In the Midwest: MSP,Minneapolis-St. Paul
3534,1/6/2000,Double Jeopardy!,THAT'S NO LADY...,"$1,000 ","He played the title character in ""Sunday in the Park with George"" when it debuted on Broadway",Mandy Patinkin
3534,1/6/2000,Double Jeopardy!,DOUBLE A,"$1,000 ","This river ""trans""its South Africa & flows into the Orange",Vaal River
3534,1/6/2000,Final Jeopardy!,NONFICTION AUTHORS,None,"First published in 1946, a book written by this man became the bestselling book in the U.S. after the Bible","Dr. Benjamin Spock (\""Baby and Child Care\"")"
4085,5/10/2002,Jeopardy!,THOSE DARN ETRUSCANS,$200 ,"The Tebenna, an Etruscan mantle, evolved into this garment perhaps worn most strikingly by John Belushi",a toga
4085,5/10/2002,Jeopardy!,PEOPLE,$200 ,This wrestler nicknamed his daughter born in August 2001 Pebbles,The Rock
4085,5/10/2002,Jeopardy!,SO YOU WANT TO BE A 19th CENTURY HEROINE,$200 ,"If you have this adjective before your name, like Nell or Eva, don't bother planning for your old age",Little
4085,5/10/2002,Jeopardy!,CENTRAL PARK,$200 ,What's now officially called the Central Park Wildlife Center is probably better-known by this name,the zoo
4085,5/10/2002,Jeopardy!,THIS CATEGORY STINKS!,$200 ,"Proverbially, this pungent bulb ""makes a man wink, drink & stink""",garlic
4085,5/10/2002,Jeopardy!,ABBREVIATED STATES,$200 ,This state that acts as a conjunction between Nevada & Washington has an abbreviation that is a conjunction,Oregon
4085,5/10/2002,Jeopardy!,THOSE DARN ETRUSCANS,$400 ,Oscar Mayer could tell you that this is the city the Etruscans called Felsina,Bologna
4085,5/10/2002,Jeopardy!,PEOPLE,$400 ,"Fatally, American groupie Nancy Spungen was this British punk rocker's girlfriend",Sid Vicious
4085,5/10/2002,Jeopardy!,SO YOU WANT TO BE A 19th CENTURY HEROINE,$400 ,"Your job options include teacher & this related job of the heroines in ""Jane Eyre"" & ""Vanity Fair""",governess
4085,5/10/2002,Jeopardy!,CENTRAL PARK,$400 ,"Central Park has a statue of King Wladyslaw II Jagiello of this country, who was also Grand Duke of Lithuania",Poland
4085,5/10/2002,Jeopardy!,THIS CATEGORY STINKS!,$400 ,It's the Belgian province bordering the Netherlands that's famous for originating a smelly cheese,Limburgh
4085,5/10/2002,Jeopardy!,ABBREVIATED STATES,$400 ,The abbreviation of this state is also an abbreviation for the largest city in California,Louisiana
4085,5/10/2002,Jeopardy!,THOSE DARN ETRUSCANS,$600 ,"Along with the Borgia apartments, the Etruscan Museum is one of the top attractions in this 109-acre country",Vatican City
4085,5/10/2002,Jeopardy!,PEOPLE,$600 ,She owns the St. Louis Rams,Georgia Frontiere
4085,5/10/2002,Jeopardy!,SO YOU WANT TO BE A 19th CENTURY HEROINE,$600 ,"Even if you're 27 & still single, like Anne in this author's ""Persuasion"", your life may not be over",Jane Austen
4085,5/10/2002,Jeopardy!,CENTRAL PARK,$600 ,"(<a href=""http://www.j-archive.com/media/2002-05-10_J_19.wmv"">Sofia of the Clue Crew jogs through Central Park.</a>)  I'm running around the reservoir now named for this first lady, who lived nearby and used to go jogging here",Jacqueline Kennedy Onassis
4085,5/10/2002,Jeopardy!,THIS CATEGORY STINKS!,$600 ,"This cartoon character's big screen credits include ""For Scent-imental Reasons"" & ""Heaven Scent""",PepÃ© Le Pew
4085,5/10/2002,Jeopardy!,ABBREVIATED STATES,$600 ,Show me that the abbreviation for this state means the habits of a predictable criminal,Missouri
4085,5/10/2002,Jeopardy!,THOSE DARN ETRUSCANS,$800 ,The wolf in the Capitoline Wolf statue may be Etruscan; these 2 babies she's suckling were added around 1509,Romulus & Remus
4085,5/10/2002,Jeopardy!,PEOPLE,$800 ,This actor gave a speech for Harvard roommate Al Gore at the 2000 Democratic Convention,Tommy Lee Jones
4085,5/10/2002,Jeopardy!,SO YOU WANT TO BE A 19th CENTURY HEROINE,$800 ,"Like Gertrude in this author's ""The Europeans"", go ahead & marry a relative (it might get you out of your house, too)",Henry James
4085,5/10/2002,Jeopardy!,CENTRAL PARK,$800 ,"In the 1953 film ""The Band Wagon"" Fred Astaire & this leggy partner were ""Dancing In The Dark"" through Central Park",Cyd Charisse
4085,5/10/2002,Jeopardy!,THIS CATEGORY STINKS!,"$2,000 ",The strong odor of this semi-aquatic rodent gives it its name,the muskrat
4085,5/10/2002,Jeopardy!,ABBREVIATED STATES,$800 ,"When abbreviated before the number 47, this state becomes an assault weapon",Alaska
4085,5/10/2002,Jeopardy!,THOSE DARN ETRUSCANS,"$1,000 ","A 1927 visit to Etruscan sites inspired this author of ""The Plumed Serpent"" to write ""Etruscan Places""",D.H. Lawrence
4085,5/10/2002,Jeopardy!,PEOPLE,"$1,000 ","M.C. Hammer earned his nickname from his resemblance to this ""Hammerin'"" home run king",Hank Aaron
4085,5/10/2002,Jeopardy!,SO YOU WANT TO BE A 19th CENTURY HEROINE,"$1,000 ","Unlike Dorothea in this George Eliot book, marry for love, not intellectual compatibility",Middlemarch
4085,5/10/2002,Jeopardy!,CENTRAL PARK,"$1,000 ",Cleopatra's Needle is a short walk from this Egyptian Temple in the Metropolitan Museum of Art,the Temple of Dendur
